"Searched Elements :  (event_time_from_temp = 2019-06-09 00:00:00) (event_time_to_temp = 2019-06-16 00:00:00) (element_type_temp = site)"
"Ticket ID","Ticket Title","Fault ID","Problem Category","Element Name",Client,"Client Side Impact",Region,subcenter,District,"Event Time","Escalation Time","Clear Time",Reason,"Provider Side Impact","Link Type","Issue Type",Provider
177045,"DHK_X2776 ",238204,"Site Down",GPSDR025HTR01_DHK_X2776,Banglalink," ","Regional Implementation & Operations 1",Gazipur,Gazipur,"2019-06-09 01:22:46","2019-06-09 01:27:45","2019-06-09 01:36:31","OH Problem : Core break/bend inside TJ Box"," ",OH,NTTN,SCL
177056,DHJTB22,238215,"Site Down",DHJAT028JNR01_DHJTB22,Robi," ","Regional Implementation & Operations 1",Paltan,Dhaka,"2019-06-09 04:05:13","2019-06-09 04:09:12","2019-06-09 13:02:35","Hardware Problem : Device Malfunction/ Hang"," ",OH,NTTN,SCL
177058,KHU_X0124,238217,"Site Down",KHU_X0124,Banglalink," ","Regional Implementation & Operations 3",Jessore,Jessore,"2019-06-09 05:58:42","2019-06-09 06:06:42","2019-06-09 09:29:49","OH Problem : Patch Chord Problem"," ",OH,NTTN,SCL
177219,"CGPRT15 ",238401,"Site Down",CGCGP011JNR01_CGPRT15,Robi,"CGPRT15 ","Regional Implementation & Operations 2",CTG_North,Chittagong,"2019-06-09 14:19:47","2019-06-09 14:23:44","2019-06-09 16:23:09","OH Problem : Fiber Burnt by Transformer Blast/ Fire Broke out","CGPRT15 ",OH,NTTN,SCL
177311,"CTG0169_Bibirhat,CTG0061,CTG4044",238515,"Site Down",CTG0169,Teletalk,"CTG0169_Bibirhat,CTG0061,CTG4044","Regional Implementation & Operations 2",CTG_North,Chittagong,"2019-06-09 19:45:51","2019-06-09 20:36:50","2019-06-10 03:10:29","OH Problem : Fiber Cut by Cable TV/ ISP/ Local Authority","  ",OH,NTTN,SCL
177311,"CTG0169_Bibirhat,CTG0061,CTG4044",238516,"Site Down",CTG0061,Teletalk,CTG0061,"Regional Implementation & Operations 2",CTG_North,Chittagong,"2019-06-09 19:45:51","2019-06-09 20:36:50","2019-06-10 03:10:29","OH Problem : Fiber Cut by Cable TV/ ISP/ Local Authority","   ",OH,NTTN,SCL
177311,"CTG0169_Bibirhat,CTG0061,CTG4044",238517,"Site Down",CTG4044,Teletalk,CTG4044,"Regional Implementation & Operations 2",CTG_North,Chittagong,"2019-06-09 19:45:51","2019-06-09 20:36:50","2019-06-10 03:10:29","OH Problem : Fiber Cut by Cable TV/ ISP/ Local Authority","   ",OH,NTTN,SCL
177382,"RPSDR027ECS01_RPSDR09 , RPSDR037JNR01_RPSDR62 , RPSDR020JNR01 ",238601,"Site Down",RPSDR09,Robi,"    ","Regional Implementation & Operations 4",Rangpur,Rangpur,"2019-06-10 05:55:25","2019-06-10 06:00:22","2019-06-10 06:31:10","OH Problem : Fiber Stolen","          ",OH,NTTN,SCL
177382,"RPSDR027ECS01_RPSDR09 , RPSDR037JNR01_RPSDR62 , RPSDR020JNR01 ",238602,"Site Down",RPSDR037JNR01_RPSDR62,Robi,"    ","Regional Implementation & Operations 4",Rangpur,Rangpur,"2019-06-10 05:55:25","2019-06-10 06:00:22","2019-06-10 06:31:10","OH Problem : Fiber Stolen","          ",OH,NTTN,SCL
177404,"NSPAL006HTR01_NSPLS02 ",238634,"Site Down",NSPAL006HTR01_NSPLS02,Robi,"    ","Regional Implementation & Operations 1",Uttara,Narsingdi,"2019-06-10 07:03:44","2019-06-10 07:27:38","2019-06-10 10:06:10","OH Problem : TJ Box Damaged","      ",OH,NTTN,SCL
177468,"Robi getting 8 4G & 8 3G Sites in Sylhet are down (2G are OK )",238712,"Site Down",SYSDR071HTR01_SYSDR14,Robi,"Site down.","Regional Implementation & Operations 2",Sylhet,Sylhet,"2019-06-10 12:06:04","2019-06-10 12:23:02","2019-06-10 12:25:24","OH Problem : High Loss",SYSDR14,TX,NTTN,SCL
177519,CTG_X0520,238766,"Site Down",CMCDG014JNR01_CTG_X0520,Banglalink," ","Regional Implementation & Operations 2",Comilla,Comilla,"2019-06-10 15:03:28","2019-06-10 15:17:28","2019-06-10 15:24:17","OH Problem : Core break/bend inside TJ Box"," ",OH,NTTN,SCL
177549,"FAR0005 ",238797,"Site Down",FAR0005,Teletalk," ","Regional Implementation & Operations 3",Faridpur,Faridpur,"2019-06-10 16:35:10","2019-06-10 16:50:09","2019-06-10 18:19:20","Hardware Problem : Device Malfunction/ Hang"," ",OH,NTTN,SCL
177559,NGSF1M,238807,"Site Down",NGRUP021HTR01_NGSF1M,GP," ","Regional Implementation & Operations 1",Narayanganj,Narayanganj,"2019-06-10 17:18:49","2019-06-10 17:23:49","2019-06-10 17:29:53","OH Problem : Core break/bend inside TJ Box"," ",OH,NTTN,SCL
177566,"Sylhet_Switch_New ",238814,"Site Down",Sylhet_Switch_New,SCL," ","Regional Implementation & Operations 2",Sylhet,Sylhet,"2019-06-10 17:47:26","2019-06-10 17:56:25","2019-06-11 18:50:13","Hardware Problem : SFP Malfunction/Faulty"," ",OH,NTTN,SCL
177569,"BL is getting DHK_S7247 down",238817,"Site Down",DHMJHA01ECS01_DHK_S7247,Banglalink,n/a,"Regional Implementation & Operations 1",Paltan,Dhaka,"2019-06-10 17:50:28","2019-06-10 18:02:23","2019-06-10 20:45:15","OH Problem : Damaged by tree fall/ by heavy Vehicle",n/a,TX,NTTN,SCL
177618,MUN0010,238875,"Site Down",MUN0010,Teletalk,MUN0010,"Regional Implementation & Operations 1",Narayanganj,Munshiganj,"2019-06-10 19:50:25","2019-06-10 20:06:24","2019-06-11 01:02:01","OH Problem : Damaged by tree fall/ by heavy Vehicle",MUN0010,OH,NTTN,SCL
177645,"tbl has complained  COX0025, COX4010 (only 3G) sites down ",238902,"Site Down",COX0025,Teletalk,"tbl has complained  COX0025, COX4010 (only 3G) sites down ","Regional Implementation & Operations 2",CoxsBazar,Coxsbazar,"2019-06-10 21:00:24","2019-06-10 21:12:23","2019-06-10 23:15:14","OH Problem : Fiber Burnt by Transformer Blast/ Fire Broke out","tbl has complained  COX0025, COX4010 (only 3G) sites down ",OH,NTTN,SCL
177645,"tbl has complained  COX0025, COX4010 (only 3G) sites down ",238903,"Site Down",COX4010,Teletalk,"tbl has complained  COX0025, COX4010 (only 3G) sites down ","Regional Implementation & Operations 2",CoxsBazar,CoxsBazar,"2019-06-10 21:00:24","2019-06-10 21:12:23","2019-06-10 23:15:14","OH Problem : Fiber Burnt by Transformer Blast/ Fire Broke out","tbl has complained  COX0025, COX4010 (only 3G) sites down ",OH,NTTN,SCL
177670,NAR0063_S.Sastapur,238938,"Link Down",NAR0063,Teletalk,NAR0063_S.Sastapur,"Regional Implementation & Operations 1",Narayanganj,Narayanganj,"2019-06-10 22:30:38","2019-06-10 22:42:37","2019-06-11 17:25:47","OH Problem : Fiber Cut by Govt Bridge Authority",NAR0063_S.Sastapur,OH,NTTN,SCL
177710,"DHGUL037JNR01_DHGSNC , DHGUL037ECS01_DHGSNC ",238983,"Site Down",DHGUL037JNR01_DHGSNC,GP,"        ","Regional Implementation & Operations 1",Banani,Dhaka,"2019-06-11 02:58:03","2019-06-11 03:02:02","2019-06-11 10:29:07","Hardware Problem : Device Malfunction/ Hang","        ",OH,NTTN,SCL
177710,"DHGUL037JNR01_DHGSNC , DHGUL037ECS01_DHGSNC ",238986,"Site Down",DHGUL037ECS01_DHGSNC,SCL,"        ","Regional Implementation & Operations 1",Banani,Dhaka,"2019-06-11 02:58:03","2019-06-11 03:02:02","2019-06-11 10:11:47","Hardware Problem : Device Malfunction/ Hang","        ",OH,NTTN,SCL
177720,"BBALI001JNR01 ",238998,"Site Down",BBALI001JNR01,"BD Army","        ","Regional Implementation & Operations 2",CTG_South,Bandarban,"2019-06-11 04:18:15","2019-06-11 05:00:09","2019-06-11 09:50:16","OH Problem : Fiber Burnt by Transformer Blast/ Fire Broke out","       ",OH,NTTN,SCL
177783,"DHDEBT01ECS01_Demra Core",239085,"Site Down","DHDEBT01ECS01_Demra Core",SCL,"                 ","Regional Implementation & Operations 1",Paltan,Dhaka,"2019-06-11 08:15:07","2019-06-11 08:45:11","2019-06-11 13:03:17","OH Problem : Core break/bend inside TJ Box","DHDEBT01ECS01_Demra CoreDHDEBT01ECS01_Demra Core",OH,NTTN,SCL
177887,"NSSHB001HTR01_DHK_X1925 ",239208,"Site Down",NSSHB001HTR01_DHK_X1925,Banglalink,"               ","Regional Implementation & Operations 1",Uttara,Narsingdi,"2019-06-11 12:58:25","2019-06-11 13:09:33","2019-06-11 13:14:00","OH Problem : Fiber Cut by Cable TV/ ISP/ Local Authority","NSSHB001HTR01_DHK_X1925 ",OH,NTTN,SCL
177925,TGSDR001JNR01_RAJ_X0061,239256,"Site Down",TGSDR001JNR01_RAJ_X0061,Banglalink,"                     ","Regional Implementation & Operations 4",Rangpur,Thakurgaon,"2019-06-11 14:28:53","2019-06-11 14:36:58","2019-06-11 14:45:17","OH Problem : Fiber Burnt by Transformer Blast/ Fire Broke out",TGSDR001JNR01_RAJ_X0061,OH,NTTN,SCL
177935,"BL HAS COMPLAINED KGSDR011JNR01_RAJ_X0178",239267,"Site Down",KGSDR011JNR01_RAJ_X0178,Banglalink,"               ","Regional Implementation & Operations 4",Rangpur,Kurigram,"2019-06-11 14:55:18","2019-06-11 14:57:23","2019-06-11 15:47:39","OH Problem : Fiber Burnt by Transformer Blast/ Fire Broke out",KGSDR011JNR01_RAJ_X0178,OH,NTTN,SCL
177984,"CGBSK02 TO CGBSK16,CGBNK002JNR01_CGBSK04,CXCKR08 to CGBSK04,CGBSK04 to CGBSK02,NA",239323,"Site Down",CGBNK002JNR01_CGBSK04,Robi,"CXCKR08 to CGBSK04","Regional Implementation & Operations 2",CTG_South,Chittagong,"2019-06-11 17:30:19","2019-06-11 17:52:18","2019-06-11 18:37:21","OH Problem : Fiber Cut by Cable TV/ ISP/ Local Authority"," ",OH,NTTN,SCL
177991,"robi is getting 14 3G Sites in Chittagong South were down (2G & 4G  are OK ) but Up now",239331,"Link Down",CGBNK002JNR01_CGBSK04,Robi,"robi is getting 14 3G Sites in Chittagong South were down (2G & 4G  are OK ) but Up now","Regional Implementation & Operations 2",CTG_South,Chittagong,"2019-06-11 18:10:31","2019-06-11 18:18:07","2019-06-11 18:37:21","OH Problem : Core break/bend inside TJ Box","14 3G Sites in Chittagong South were down (2G & 4G  are OK ) but Up now . please share RC.
Severity: C-3
FT: 17:37
POP: CGBSK04
ERT: Yet to be Shared
Cause: Yet to identify
Area: Pekua & Banshkhali
Unit: SCL
TT: INC000008955749
RNC: CRE31,CRE24,
3G_Code: CGBSK01,CGBSK10,CGBSK08,CGBSK15,CGBSK12,CGBSK09,CGBSK04(SCL),CGBSK14,CGBSK55,CGBSK30,CGBSK25,CGBSK58,CGBSK59,CXPKA14,",TX,NTTN,SCL
178034,CMELGB01TM01,239384,"Site Down",CMELGB01TM01,SCL," ","Regional Implementation & Operations 2",Comilla,Comilla,"2019-06-11 21:48:24","2019-06-11 22:06:24","2019-06-12 02:49:38","OH Problem : Patch Chord Problem"," ",OH,NTTN,SCL
178041,"Robi is getting DHGULC3 site is down",239391,"Site Down",DHGUL058JNR01_DHGULC3,Robi,"Robi is getting DHGULC3 site is down","Regional Implementation & Operations 1",Banani,Dhaka,"2019-06-11 22:00:02","2019-06-11 22:24:01","2019-06-12 02:21:17","OH Problem : Fiber Cut by Cable TV/ ISP/ Local Authority"," Robi is getting DHGULC3 site is down",OH,NTTN,SCL
178099,"BBALI001JNR01 ",239458,"Site Down",BBALI001JNR01,"BD Army","BBALI001JNR01 ","Regional Implementation & Operations 2",CTG_South,Bandarban,"2019-06-12 06:52:33","2019-06-12 06:56:33","2019-06-12 07:04:48","OH Problem : High Loss","BBALI001JNR01 ",OH,NTTN,SCL
178140,"MUN0010, MUN4026, MUN0007",239514,"Site Down",MUN0010,Teletalk,MUN0010,"Regional Implementation & Operations 1",Narayanganj,Munshiganj,"2019-06-12 09:33:15","2019-06-12 09:36:13","2019-06-12 16:20:38","OH Problem : Fiber Cut by Govt Authority/ Decluttering",MUN0010,OH,NTTN,SCL
178140,"MUN0010, MUN4026, MUN0007",239515,"Site Down",MUN4026,Teletalk,MUN4026,"Regional Implementation & Operations 1",Narayanganj,Munshiganj,"2019-06-12 09:33:15","2019-06-12 09:36:13","2019-06-12 16:20:19","OH Problem : Fiber Cut by Govt Authority/ Decluttering",MUN4026,OH,NTTN,SCL
178140,"MUN0010, MUN4026, MUN0007",239516,"Site Down",MUN0007,Teletalk,MUN0007,"Regional Implementation & Operations 1",Narayanganj,Narayanganj,"2019-06-12 09:33:15","2019-06-12 09:36:13","2019-06-12 16:20:59","OH Problem : Fiber Cut by Govt Authority/ Decluttering",MUN0007,OH,NTTN,SCL
178149,"TBL is getting down: NAW0001",239527,"Site Down",NAW0001,Teletalk,NAW0001,"Regional Implementation & Operations 4",Rajshahi,Rajshahi,"2019-06-12 09:47:04","2019-06-12 09:49:02","2019-06-12 15:23:21","OH Problem : Damaged by tree fall/ by heavy Vehicle",NAW0001,OH,NTTN,SCL
178219,"GP is getting GPSDR055JNR01_GPAGLI down ",239615,"Site Down",GPSDR055JNR01_GPAGLI,GP,"                ","Regional Implementation & Operations 1",Gazipur,Gazipur,"2019-06-12 12:14:30","2019-06-12 12:21:35","2019-06-12 13:57:06","OH Problem : Damaged by tree fall/ by heavy Vehicle","GPSDR055JNR01_GPAGLI ",OH,NTTN,SCL
178311,CHA0018,239723,"Site Down",CPHAJ002JNR01_CHA0018,Teletalk,CHA0018,"Regional Implementation & Operations 2",Comilla,Chandpur,"2019-06-12 15:30:02","2019-06-12 15:44:01","2019-06-12 15:58:44","OH Problem : Core break/bend inside TJ Box",CHA0018,OH,NTTN,SCL
178322,"MNSDR009HTR01_MNSDR06 ,MNSDR012HTR01_MNSDR16 ",239738,"Site Down",MNSDR009HTR01_MNSDR06,Robi,"MNSDR009HTR01_MNSDR06 ,MNSDR012HTR01_MNSDR16 ","Regional Implementation & Operations 1",Narayanganj,Munshiganj,"2019-06-12 15:55:50","2019-06-12 15:59:49","2019-06-12 17:38:31","OH Problem : Core break/bend inside TJ Box","MNSDR009HTR01_MNSDR06 ,MNSDR012HTR01_MNSDR16 ",OH,NTTN,SCL
178322,"MNSDR009HTR01_MNSDR06 ,MNSDR012HTR01_MNSDR16 ",239739,"Site Down",MNSDR012HTR01_MNSDR16,Robi,"MNSDR009HTR01_MNSDR06 ,MNSDR012HTR01_MNSDR16 ","Regional Implementation & Operations 1",Narayanganj,Munshiganj,"2019-06-12 15:55:50","2019-06-12 15:59:49","2019-06-12 17:38:43","OH Problem : Core break/bend inside TJ Box","MNSDR009HTR01_MNSDR06 ,MNSDR012HTR01_MNSDR16 ",OH,NTTN,SCL
178325,DHDH2T01JNR01_DH-2,239742,"Site Down",DHDH2T01JNR01_DH-2,Airtel,"DHDH2T01JNR01_DH-2 is unreachable ","Regional Implementation & Operations 1",Paltan,Dhaka,"2019-06-12 16:00:53","2019-06-12 16:05:52","2019-06-12 16:25:04","Logical Problem : Others",DHDH2T01JNR01_DH-2,OH,NTTN,SCL
178339,DHK_X3566,239772,"Site Down",GPSDR030HTR01_DHK_X3566,Banglalink,DHK_X3566,"Regional Implementation & Operations 1",Gazipur,Gazipur,"2019-06-12 17:00:37","2019-06-12 17:05:35","2019-06-12 18:09:21","OH Problem : Core break/bend inside TJ Box",DHK_X3566,OH,NTTN,SCL
178378,CGAKS1,239812,"Site Down",CGKHS004JNR01_CGAKS1,GP,CGAKS1,"Regional Implementation & Operations 2",CTG_South,Chittagong,"2019-06-12 20:00:59","2019-06-12 20:13:58","2019-06-12 22:45:50","Hardware Problem : Device Malfunction/ Hang",CGAKS1,OH,NTTN,SCL
178403,"21-2G sites under Gazipur area are having External clock reference problem",239837,"Site Down",GPSDR019HTR01_DHK_X2054,Banglalink,"21-2G sites under Gazipur area are having External clock reference problem","Regional Implementation & Operations 1",Gazipur,Gazipur,"2019-06-12 22:00:17","2019-06-12 22:05:15","2019-06-13 14:34:08","OH Problem : Fiber Cut by Cable TV/ ISP/ Local Authority","21-2G sites under Gazipur area are having External clock reference problem",TX,NTTN,SCL
178403,"21-2G sites under Gazipur area are having External clock reference problem",239838,"Site Down",GPSDR002HTR01_DHK_X0148,Banglalink,"21-2G sites under Gazipur area are having External clock reference problem","Regional Implementation & Operations 1",Gazipur,Gazipur,"2019-06-12 22:00:17","2019-06-12 22:05:15","2019-06-13 14:34:13","OH Problem : Fiber Cut by Cable TV/ ISP/ Local Authority","21-2G sites under Gazipur area are having External clock reference problem",TX,NTTN,SCL
178403,"21-2G sites under Gazipur area are having External clock reference problem",239839,"Site Down",GPSDR022HTR01_DHK_X2197,Banglalink,"21-2G sites under Gazipur area are having External clock reference problem","Regional Implementation & Operations 1",Gazipur,Gazipur,"2019-06-12 22:00:17","2019-06-12 22:05:15","2019-06-13 14:34:16","OH Problem : Fiber Cut by Cable TV/ ISP/ Local Authority","21-2G sites under Gazipur area are having External clock reference problem",TX,NTTN,SCL
178403,"21-2G sites under Gazipur area are having External clock reference problem",239840,"Site Down",GPSDR028HTR01_DHK_X3406,Banglalink,"21-2G sites under Gazipur area are having External clock reference problem","Regional Implementation & Operations 1",Gazipur,Gazipur,"2019-06-12 22:00:17","2019-06-12 22:05:15","2019-06-13 14:34:18","OH Problem : Fiber Cut by Cable TV/ ISP/ Local Authority","21-2G sites under Gazipur area are having External clock reference problem",TX,NTTN,SCL
178427,"MUN0008 to MUN0005_HO , MUN0007 to MUN0010",239872,"Site Down",MUN0010,Teletalk," MUN0010","Regional Implementation & Operations 1",Narayanganj,Munshiganj,"2019-06-13 00:40:05","2019-06-13 00:42:40","2019-06-13 11:25:48","OH Problem : Fiber Cut by Govt Authority for Road Expansion",MUN0010,OH,NTTN,SCL
178439,"GPSDR087JNR01_GPSDR55 ,GPSDR41 to GPSDR55",239889,"Site Down",GPSDR087JNR01_GPSDR55,Robi,"GPSDR087JNR01_GPSDR55 ","Regional Implementation & Operations 1",Gazipur,Gazipur,"2019-06-13 01:10:22","2019-06-13 01:37:21","2019-06-13 04:35:24","OH Problem : Fiber Stolen","  ",OH,NTTN,SCL
178446,"GP is getting DHUTDV site is down",239898,"Site Down",DHUTT038JNR01_DHUTDV,GP,"GP is getting DHUTDV site is down","Regional Implementation & Operations 1",Uttara,Dhaka,"2019-06-13 03:00:25","2019-06-13 03:20:24","2019-06-13 11:51:12","Hardware Problem : Device Malfunction/ Hang"," GP is getting DHUTDV site is down",OH,NTTN,SCL
178550,"MBKLR01, MBJRI01, MBKLR06",240020,"Site Down",MBKUL001HTR01_MBKLR01,Robi," ","Regional Implementation & Operations 2",Sylhet,Moulvibazar,"2019-06-13 12:47:24","2019-06-13 12:50:22","2019-06-13 12:56:12","OH Problem : Core break/bend inside TJ Box"," ",OH,NTTN,SCL
178550,"MBKLR01, MBJRI01, MBKLR06",240021,"Site Down",MBJUR001HTR01_MBJRI01,Robi," ","Regional Implementation & Operations 2",Sylhet,Moulvibazar,"2019-06-13 12:47:24","2019-06-13 12:50:22","2019-06-13 13:07:17","OH Problem : Core break/bend inside TJ Box"," ",OH,NTTN,SCL
178550,"MBKLR01, MBJRI01, MBKLR06",240022,"Site Down",MBKUL003HTR01_MBKLR06,Robi," ","Regional Implementation & Operations 2",Sylhet,Moulvibazar,"2019-06-13 12:47:24","2019-06-13 12:50:22","2019-06-13 12:56:12","OH Problem : Core break/bend inside TJ Box"," ",OH,NTTN,SCL
178566,MOB_X0147,240038,"Site Down",MOB_X0147,Banglalink," ","Regional Implementation & Operations 1",Paltan,Dhaka,"2019-06-13 12:45:00","2019-06-13 13:08:58","2019-06-13 13:09:53","OH Problem : High Loss"," ",OH,NTTN,SCL
178724,"JSSAS011HTR01_KHU_X1008 ,JSJHI002HTR01_KHU_X0598 .,",240203,"Site Down",JSSAS011HTR01_KHU_X1008,Banglalink,"             ","Regional Implementation & Operations 3",Jessore,Jessore,"2019-06-13 18:50:12","2019-06-13 18:57:18","2019-06-13 21:38:49","OH Problem : Core break/bend inside TJ Box","JSSAS011HTR01_KHU_X1008 ",OH,NTTN,SCL
178724,"JSSAS011HTR01_KHU_X1008 ,JSJHI002HTR01_KHU_X0598 .,",240204,"Site Down",JSJHI002HTR01_KHU_X0598,Banglalink,"                           ","Regional Implementation & Operations 3",Jessore,Jessore,"2019-06-13 18:50:12","2019-06-13 18:57:18","2019-06-13 21:38:49","OH Problem : Core break/bend inside TJ Box","JSJHI002HTR01_KHU_X0598 ",OH,NTTN,SCL
178724,"JSSAS011HTR01_KHU_X1008 ,JSJHI002HTR01_KHU_X0598 .,",240205,"Site Down",JSSAS008HTR01_KHU_X0464,Banglalink,"                                    ","Regional Implementation & Operations 3",Jessore,Jessore,"2019-06-13 18:50:12","2019-06-13 18:57:18","2019-06-13 21:38:49","OH Problem : Core break/bend inside TJ Box","JSSAS008HTR01_KHU_X0464 ",OH,NTTN,SCL
178730,"MUN0010 & Kajlapar_DHK0748 sites are down ",240212,"Site Down",MUN0010,Teletalk,"outage at client end ","Regional Implementation & Operations 1",Narayanganj,Munshiganj,"2019-06-13 17:14:21","2019-06-13 19:24:19","2019-06-15 03:40:07","OH Problem : Damaged by tree fall/ by heavy Vehicle","outage at client end ",OH,NTTN,SCL
178746,"BBALI001JNR01 ",240232,"Link Down",BBALI001JNR01,"BD Army","            ","Regional Implementation & Operations 2",CTG_South,Bandarban,"2019-06-13 19:46:21","2019-06-13 19:53:38","2019-06-14 07:21:44","OH Problem : Damaged by tree fall/ by heavy Vehicle","BBALI001JNR01 ",OH,NTTN,SCL
178817,"CGPNC023JNR01_CGSHB1,CGSHB1 to CGGECC01JR01,  CGBAK6 to CGSHB1",240315,"Site Down",CGPNC023JNR01_CGSHB1,GP,"  ","Regional Implementation & Operations 2",CTG_South,Chittagong,"2019-06-14 03:00:09","2019-06-14 03:05:08","2019-06-14 09:05:48","Hardware Problem : Device Malfunction/ Hang"," ",OH,NTTN,SCL
178827,"CXTEK007JNR01_CTG_X9009 ",240328,"Site Down",CXTEK007JNR01_CTG_X9009,Banglalink,"CXTEK007JNR01_CTG_X9009 ","Regional Implementation & Operations 2",CoxsBazar,Coxsbazar,"2019-06-14 04:50:23","2019-06-14 05:22:22","2019-06-14 08:50:53","Hardware Problem : Device Malfunction/ Hang","  ",OH,NTTN,SCL
178846,"GPSATH01TM01 is unreachable",240355,"Site Down",GPSATH01TM01,SCL,"GPSATH01TM01 is unreachable","Regional Implementation & Operations 1",Gazipur,Gazipur,"2019-06-14 05:55:44","2019-06-14 06:23:44","2019-06-14 07:33:23","OH Problem : Fiber Cut by Cable TV/ ISP/ Local Authority","GPSATH01TM01 is unreachable",OH,NTTN,SCL
178919,MASDR24,240443,"Site Down",MASDR24,Robi,MASDR24,"Regional Implementation & Operations 3",Faridpur,Magura,"2019-06-14 11:33:38","2019-06-14 11:38:36","2019-06-14 14:43:57","OH Problem : Damaged by tree fall/ by heavy Vehicle",MASDR24,OH,NTTN,SCL
178954,DHDKN2,240486,"Site Down",DHDAK024JNR01_DHDKN2,GP,DHDKN2,"Regional Implementation & Operations 1",Uttara,Dhaka,"2019-06-14 14:08:43","2019-06-14 14:10:42","2019-06-14 18:57:55","Hardware Problem : Device Malfunction/ Hang",DHDKN2,OH,NTTN,SCL
178991,DHK4343,240528,"Site Down",DHK4343,Teletalk,n/a,"Regional Implementation & Operations 1",Banani,Dhaka,"2019-06-14 14:45:32","2019-06-14 15:02:05","2019-06-14 16:24:12","OH Problem : Fiber Cut by Cable TV/ ISP/ Local Authority",n/a,OH,NTTN,SCL
178994,DHK4234,240531,"Site Down",DHK4234,Teletalk,n/a,"Regional Implementation & Operations 1",Kawran_Bazar,Dhaka,"2019-06-14 14:35:04","2019-06-14 15:08:57","2019-06-14 15:39:45","OH Problem : Fiber Cut by Govt Authority/ Decluttering",n/a,TX,NTTN,SCL
179023,"DHPTN009JNR01_DHPPL2 ",240567,"Site Down",DHPTN009JNR01_DHPPL2,GP,"                                  ","Regional Implementation & Operations 1",Paltan,Dhaka,"2019-06-14 16:42:52","2019-06-14 16:54:57","2019-06-14 16:57:00","OH Problem : Fiber Cut by Cable TV/ ISP/ Local Authority","DHPTN009JNR01_DHPPL2 ",OH,NTTN,SCL
179025,"DHCAN008JNR01_DHCNT10 ",240570,"Site Down",DHCAN008JNR01_DHCNT10,Robi,"                        ","Regional Implementation & Operations 1",Mirpur,Dhaka,"2019-06-14 16:53:26","2019-06-14 16:59:32","2019-06-14 17:01:25","OH Problem : Core break/bend inside TJ Box","DHCAN008JNR01_DHCNT10 ",OH,NTTN,SCL
179035,DHDMR002JNR01_DHDHM05,240586,"Site Down",DHDMR002JNR01_DHDHM05,Robi,"              ","Regional Implementation & Operations 1",Savar,Dhaka,"2019-06-14 17:36:23","2019-06-14 17:39:28","2019-06-14 17:40:30","OH Problem : Fiber Cut by Cable TV/ ISP/ Local Authority",DHDMR002JNR01_DHDHM05,OH,NTTN,SCL
179047,"DHKHK029JNR01_DHKKT50 ",240600,"Site Down",DHKHK029JNR01_DHKKT50,Robi,"                     ","Regional Implementation & Operations 1",Uttara,Dhaka,"2019-06-14 18:30:55","2019-06-14 18:33:12","2019-06-14 20:26:58","OH Problem : Fiber Cut by Govt Authority/ Decluttering","DHKHK029JNR01_DHKKT50 ",OH,NTTN,SCL
179058,"TBl is getting COX4015 (2G+3G) down",240612,"Site Down",COX4015,Teletalk,n/a,"Regional Implementation & Operations 2",CoxsBazar,CoxsBazar,"2019-06-14 18:30:58","2019-06-14 19:44:54","2019-06-15 00:01:02","Hardware Problem : Others",n/a,TX,NTTN,SCL
179071,"DPNWB002JNR01_DIN4013 ",240627,"Site Down",DPNWB002JNR01_DIN4013,Teletalk,"                      ","Regional Implementation & Operations 4",Rangpur,Dinajpur,"2019-06-14 20:30:59","2019-06-14 20:34:03","2019-06-14 23:41:52","OH Problem : Fiber Cut by Cable TV/ ISP/ Local Authority","DPNWB002JNR01_DIN4013 ",OH,NTTN,SCL
179116,DHKKT50,240679,"Site Down",DHKHK029JNR01_DHKKT50,Robi,DHKKT50,"Regional Implementation & Operations 1",Uttara,Dhaka,"2019-06-14 23:30:18","2019-06-14 23:46:17","2019-06-15 11:17:24","OH Problem : Fiber Cut by Govt Authority/ Decluttering",DHKKT50,OH,NTTN,SCL
179123,"MUN0007 site down & MUN0008 to MUN0005_HO link down",240686,"Site Down",MUN0007,Teletalk,MUN0007,"Regional Implementation & Operations 1",Narayanganj,Narayanganj,"2019-06-15 00:00:30","2019-06-15 00:20:29","2019-06-15 02:04:14","OH Problem : Damaged by tree fall/ by heavy Vehicle",MUN0007,OH,NTTN,SCL
179191,"NPJAL001JNR01_NIL0016 , NPKIS001JNR01_NIL0004 , NPDOM001JNR01_NIL0003 ",240766,"Site Down",NPKIS001JNR01_NIL0004,Teletalk,"       ","Regional Implementation & Operations 4",Rangpur,Nilphamari,"2019-06-15 07:34:55","2019-06-15 07:47:53","2019-06-15 17:42:16","OH Problem : Core break/bend inside TJ Box","      ",OH,NTTN,SCL
179343,"Utar Norsinpur_NAR0116, Dapa Idrakpur NAR0051",240942,"Site Down",NAR0116,Teletalk,n/a,"Regional Implementation & Operations 1",Narayanganj,Narayanganj,"2019-06-15 14:40:59","2019-06-15 15:28:44","2019-06-15 20:33:05","OH Problem : Core break/bend inside TJ Box",n/a,OH,NTTN,SCL
179343,"Utar Norsinpur_NAR0116, Dapa Idrakpur NAR0051",240943,"Site Down",NAR0051,Teletalk,n/a,"Regional Implementation & Operations 1",Narayanganj,Narayanganj,"2019-06-15 14:40:59","2019-06-15 15:28:44","2019-06-15 20:33:05","OH Problem : Core break/bend inside TJ Box",n/a,OH,NTTN,SCL
179386,"BOG0018, BOG0078",240990,"Site Down",BOSHE001JNR01_BOG0018,Teletalk,BOG0018,"Regional Implementation & Operations 4",Bogra,Bogra,"2019-06-15 16:50:01","2019-06-15 16:57:00","2019-06-15 17:37:56","OH Problem : OH Cable cut by insects inside TJ Box",BOG0018,OH,NTTN,SCL
179386,"BOG0018, BOG0078",240991,"Site Down",BOSHE002JNR01_BOG0078,Teletalk,BOG0078,"Regional Implementation & Operations 4",Bogra,Bogra,"2019-06-15 16:50:01","2019-06-15 16:57:00","2019-06-15 17:37:53","OH Problem : OH Cable cut by insects inside TJ Box",BOG0078,OH,NTTN,SCL
179398,CMELGB01TM01,241004,"Site Down",CMELGB01TM01,SCL,"                      ","Regional Implementation & Operations 2",Comilla,Comilla,"2019-06-15 17:05:15","2019-06-15 17:20:23","2019-06-15 19:05:15","OH Problem : Patch Chord Problem",CMELGB01TM01,OH,NTTN,SCL
179465,DHDMN1,241094,"Site Down",DHKHK009JNR01_DHDMN1,GP,DHDMN1,"Regional Implementation & Operations 1",Uttara,Dhaka,"2019-06-15 19:39:42","2019-06-15 19:44:41","2019-06-15 21:35:33","OH Problem : Damaged by tree fall/ by heavy Vehicle",DHDMN1,OH,NTTN,SCL
179467,"DHKKT13, DHKKT06, DHK_X1178",241098,"Site Down",DHKHK025JNR01_DHKKT13,Robi,DHKKT13,"Regional Implementation & Operations 1",Uttara,Dhaka,"2019-06-15 19:38:36","2019-06-15 19:46:35","2019-06-15 21:35:41","OH Problem : Damaged by tree fall/ by heavy Vehicle",DHKKT13,OH,NTTN,SCL
179467,"DHKKT13, DHKKT06, DHK_X1178",241099,"Site Down",DHKHK023JNR01_DHKKT06,Robi,"DHKKT06 ","Regional Implementation & Operations 1",Uttara,Dhaka,"2019-06-15 19:38:36","2019-06-15 19:46:35","2019-06-15 21:35:21","OH Problem : Damaged by tree fall/ by heavy Vehicle","DHKKT06 ",OH,NTTN,SCL
179467,"DHKKT13, DHKKT06, DHK_X1178",241100,"Site Down",DHKHK013JNR01_DHK_X1178,Banglalink,"DHKKT06 ","Regional Implementation & Operations 1",Uttara,Dhaka,"2019-06-15 19:38:36","2019-06-15 19:46:35","2019-06-15 21:35:01","OH Problem : Damaged by tree fall/ by heavy Vehicle","DHKKT06 ",OH,NTTN,SCL
